"teppei","","ariyoshi","teppei ariyoshi","u","zbmath"
"sushil","","singh","sushil singh","u","zbmath"
"seiya","","haze","seiya haze","u","zbmath"
"jae","il","lee","jae il lee","u","zbmath"
"koji","","okuguchi","koji okuguchi","u","zbmath"
"takashi","","amisaki","takashi amisaki","u","zbmath"
"shoichi","","suzuki","shoichi suzuki","u","zbmath"
"makoto","","idzumi","makoto idzumi","u","zbmath"
"lutfi","","avazpour","lutfi avazpour","u","zbmath"
"cuong","","le","cuong le","u","zbmath"
"kunio","","kakie","kunio kakie","u","zbmath"
"sung","hoon","hong","sung hoon hong","u","zbmath"
"rama","","shankar","rama shankar","u","zbmath"
"asim","kumar","mandal","asim kumar mandal","u","zbmath"
"ori","","kfir","ori kfir","u","zbmath"
"kimiaki","","konno","kimiaki konno","u","zbmath"
"abdel","hadi","ahmed","abdel hadi ahmed","u","zbmath"
"huy","thang","cao","huy thang cao","u","zbmath"
"ben","da","zhou","ben da zhou","u","zbmath"
"kelong","","zhang","kelong zhang","u","zbmath"
"jinxiang","","yu","jinxiang yu","u","zbmath"
"yuecheng","","zhang","yuecheng zhang","u","zbmath"
"po","","zhang","po zhang","u","zbmath"
"hon","kit","wai","hon kit wai","u","zbmath"
"bao","wen","sun","bao wen sun","u","zbmath"
"byoung","chan","lee","byoung chan lee","u","zbmath"
"qunfeng","","yang","qunfeng yang","u","zbmath"
"rosario","","di-nardo","rosario di-nardo","u","zbmath"
"jacques","","pontier","jacques pontier","u","zbmath"
"michael","","robertson","michael robertson","u","zbmath"
"xuanping","","huang","xuanping huang","u","zbmath"
"chao","zhu","zhang","chao zhu zhang","u","zbmath"
"jingbo","","yu","jingbo yu","u","zbmath"
"shanghsien","","lin","shanghsien lin","u","zbmath"
"xiongping","","luo","xiongping luo","u","zbmath"
"shengzhi","","zhu","shengzhi zhu","u","zbmath"
"wai","king","ching","wai king ching","u","zbmath"
"zongyuan","","huang","zongyuan huang","u","zbmath"
"luoluo","","liu","luoluo liu","u","zbmath"
"cai","gui","liu","cai gui liu","u","zbmath"
"dae","","jong","dae jong","u","zbmath"
"chunyang","","yuan","chunyang yuan","u","zbmath"
"cheng","wei","chen","cheng wei chen","u","zbmath"
"yahya","","mezroui","yahya mezroui","u","zbmath"
"syuichi","","yaguchi","syuichi yaguchi","u","zbmath"
"luquan","","pan","luquan pan","u","zbmath"
"benhadid","","ayache","benhadid ayache","u","zbmath"
"yamin","","ma","yamin ma","u","zbmath"
"leming","","cheng","leming cheng","u","zbmath"
"tack","wang","lee","tack wang lee","u","zbmath"
"francis","","leahy","francis leahy","u","zbmath"
"ann","","thayer","ann thayer","u","genderize_r_authors"
"eric","","fine","eric fine","u","genderize_r_authors"
"hellmut","","reuss","hellmut reuss","u","genderize_r_authors"
"judith","louisa","schmid","judith louisa schmid","u","genderize_r_authors"
"shizuo","","akira","shizuo akira","u","genderize_r_authors"
"thomas","","golob","thomas golob","u","genderize_r_authors"
"molly","","haight","molly haight","u","genderize_r_authors"
"lisa","","harlow","lisa harlow","u","genderize_r_authors"
"irwin","","braverman","irwin braverman","u","genderize_r_authors"
"earl","","taft","earl taft","u","genderize_r_authors"
"paul","","ladenson","paul ladenson","u","genderize_r_authors"
"harry","","nursten","harry nursten","u","genderize_r_authors"
"anthony","","dyson","anthony dyson","u","genderize_r_authors"
"sarah","","reid","sarah reid","u","genderize_r_authors"
"michael","","knoll","michael knoll","u","genderize_r_authors"
"lluis","","bonet","lluis bonet","u","genderize_r_authors"
"jacek","","dudowitcz","jacek dudowitcz","u","genderize_r_authors"
"judy","","canning-glass","judy canning-glass","u","genderize_r_authors"
"selina","","lo","selina lo","u","genderize_r_authors"
"ingolf","","joppich","ingolf joppich","u","genderize_r_authors"
"joel","","cooper","joel cooper","u","genderize_r_authors"
"john","","sheehan","john sheehan","u","genderize_r_authors"
"gheorghe","","macovei","gheorghe macovei","u","genderize_r_authors"
"linda","esther","oray","linda esther oray","u","genderize_r_authors"
"leonard","","rosenberg","leonard rosenberg","u","genderize_r_authors"
"anita","","money","anita money","u","genderize_r_authors"
"josef","","zumr","josef zumr","u","genderize_r_authors"
"doug","","little","doug little","u","genderize_r_authors"
"robin","","giesecke","robin giesecke","u","genderize_r_authors"
"karen","","sampson","karen sampson","u","genderize_r_authors"
"ulrich","","jsppelt","ulrich jsppelt","u","genderize_r_authors"
"david","","boldy","david boldy","u","genderize_r_authors"
"stephen","","boldy","stephen boldy","u","genderize_r_authors"
"jean","","panniker","jean panniker","u","genderize_r_authors"
"gaj","","sanford","gaj sanford","u","genderize_r_authors"
"diana","","siggers","diana siggers","u","genderize_r_authors"
"rd","","knutsen","rd knutsen","u","genderize_r_authors"
"ga","","wood","ga wood","u","genderize_r_authors"
"mek","","wong","mek wong","u","genderize_r_authors"
"jd","","lewis-williams","jd lewis-williams","u","genderize_r_authors"
"nina","","alovert","nina alovert","u","genderize_r_authors"
"dusanka","savic","pavicevic","dusanka savic pavicevic","u","genderize_r_authors"
"stanka","","romac","stanka romac","u","genderize_r_authors"
"kratke","","ohlednuti","kratke ohlednuti","u","genderize_r_authors"
"robert","","descimon","robert descimon","u","genderize_r_authors"
"bernie","","merkel","bernie merkel","u","genderize_r_authors"
"jake","","davidson","jake davidson","u","genderize_r_authors"
"elizabeth","","cooke","elizabeth cooke","u","genderize_r_authors"
"nicole","","cazauran","nicole cazauran","u","genderize_r_authors"
"hartmut","","handt","hartmut handt","u","genderize_r_authors"
"peter","","mcnamee","peter mcnamee","u","genderize_r_authors"
"fredericka","","bell-berti","fredericka bell-berti","u","genderize_r_authors"
"yang","","zhang","yang zhang","u","genderize_r_authors"
"paul","","iverson","paul iverson","u","genderize_r_authors"
"george","","christie","george christie","u","genderize_r_authors"
"gregory","","ference","gregory ference","u","genderize_r_authors"
"dan","","ouellette","dan ouellette","u","genderize_r_authors"
"richard","","brand","richard brand","u","genderize_r_authors"
"edith","","cassel","edith cassel","u","genderize_r_authors"
"john","","roche","john roche","u","genderize_r_authors"
"constance","","ross","constance ross","u","genderize_r_authors"
"pedro","ramon","gutierrez hernandez","pedro ramon gutierrez hernandez","u","genderize_r_authors"
"george","","edward","george edward","u","genderize_r_authors"
"ernst","","jung","ernst jung","u","genderize_r_authors"
"james","","britain","james britain","u","genderize_r_authors"
"martin","","staehelin","martin staehelin","u","genderize_r_authors"
"florence","","lambert","florence lambert","u","genderize_r_authors"
"isabelle","","amin","isabelle amin","u","genderize_r_authors"
"nicholas","","baran","nicholas baran","u","genderize_r_authors"
"gladys","","brazil","gladys brazil","u","genderize_r_authors"
"percy","","brazil","percy brazil","u","genderize_r_authors"
"ellen","","brun","ellen brun","u","genderize_r_authors"
"nirmal","kumar","chandra","nirmal kumar chandra","u","genderize_r_authors"
"hakan","","tanittiran-cigdem","hakan tanittiran-cigdem","u","genderize_r_authors"
"rajani","","desai","rajani desai","u","genderize_r_authors"
"john","","dewind","john dewind","u","genderize_r_authors"
"xulin","","dong","xulin dong","u","genderize_r_authors"
"robert","","engler","robert engler","u","genderize_r_authors"
"charlotte","pomerantz","marzani","charlotte pomerantz marzani","u","genderize_r_authors"
"alan","","nasser","alan nasser","u","genderize_r_authors"
"eric","","ness","eric ness","u","genderize_r_authors"
"paddy","","quick","paddy quick","u","genderize_r_authors"
"albert","","ruben","albert ruben","u","genderize_r_authors"
"jeanne","","singer","jeanne singer","u","genderize_r_authors"
"martha","","sweezy","martha sweezy","u","genderize_r_authors"
"sam","","sweezy","sam sweezy","u","genderize_r_authors"
"rob","","postel","rob postel","u","genderize_r_authors"
"robert","","weil","robert weil","u","genderize_r_authors"
"joe","","menczel","joe menczel","u","genderize_r_authors"
"rick","","seyler","rick seyler","u","genderize_r_authors"
"jerry","","coyne","jerry coyne","u","genderize_r_authors"
"alan","","davis","alan davis","u","genderize_r_authors"
"wolfgang","","gartner","wolfgang gartner","u","genderize_r_authors"
"richard","","lane","richard lane","u","genderize_r_authors"
"chinmoy","","pal","chinmoy pal","u","genderize_r_authors"
"mateo","","martinic b","mateo martinic b","u","genderize_r_authors"
"bob","","prichard","bob prichard","u","genderize_r_authors"
"simon","","wright","simon wright","u","genderize_r_authors"
"alan","","bowman","alan bowman","u","genderize_r_authors"
"melissa","","marino","melissa marino","u","genderize_r_authors"
"jon","","cohen","jon cohen","u","genderize_r_authors"
"chantal","","metzger","chantal metzger","u","genderize_r_authors"
"elisabeth","","pain","elisabeth pain","u","genderize_r_authors"
"timothy","","eckley","timothy eckley","u","genderize_r_authors"
"christian","","viviani","christian viviani","u","genderize_r_authors"
"margaret","","sprott","margaret sprott","u","genderize_r_authors"
"peter","","wochner","peter wochner","u","genderize_r_authors"
"jules","","lai","jules lai","u","genderize_r_authors"
"yoshiyuki","","nagai","yoshiyuki nagai","u","genderize_r_authors"
"hugh","","murphy","hugh murphy","u","genderize_r_authors"
"christine","","bigby","christine bigby","u","genderize_r_authors"
"chris","","fyffe","chris fyffe","u","genderize_r_authors"
"gary","","becker","gary becker","u","genderize_r_authors"
"jack","","price","jack price","u","genderize_r_authors"
"kevin","","dowding","kevin dowding","u","genderize_r_authors"
"ned","","keltner","ned keltner","u","genderize_r_authors"
"eleanor","","zurbrigg","eleanor zurbrigg","u","genderize_r_authors"
"ian","","bronks","ian bronks","u","genderize_r_authors"
"atri","","mukhopadiyay","atri mukhopadiyay","u","genderize_r_authors"
"william","","brock","william brock","u","genderize_r_authors"
"pavla","","pukl","pavla pukl","u","genderize_r_authors"
"angela","","campling","angela campling","u","genderize_r_authors"
"ron","","nyren","ron nyren","u","genderize_r_authors"
"patricia","","clee","patricia clee","u","genderize_r_authors"
"tore","","volden","tore volden","u","genderize_r_authors"
"amund","","rein","amund rein","u","genderize_r_authors"
"obitelj","","tomas","obitelj tomas","u","genderize_r_authors"
"mary","rose","couper","mary rose couper","u","genderize_r_authors"
"dawne","","jordan","dawne jordan","u","genderize_r_authors"
"tony","","pointon","tony pointon","u","genderize_r_authors"
"emilio","","balaguer","emilio balaguer","u","genderize_r_authors"
"frederick","","nunn","frederick nunn","u","genderize_r_authors"
"richard","","sims","richard sims","u","genderize_r_authors"
"krishna","","somers","krishna somers","u","genderize_r_authors"
"arthur","","reed","arthur reed","u","genderize_r_authors"
"alison","","cook","alison cook","u","genderize_r_authors"
"marius","","nap","marius nap","u","genderize_r_authors"
"soran","","chawishly","soran chawishly","u","genderize_r_authors"
"alice","","helpern","alice helpern","u","genderize_r_authors"
"timothy","","ng","timothy ng","u","genderize_r_authors"
"mandeep","","sandhu-purewal","mandeep sandhu-purewal","u","genderize_r_authors"
"sonja","","iskric","sonja iskric","u","genderize_r_authors"
"goran","","lacan","goran lacan","u","genderize_r_authors"
"mercedes","","wrischer","mercedes wrischer","u","genderize_r_authors"
"una","","lawrence","una lawrence","u","genderize_r_authors"
"nick","","o'donovan","nick o'donovan","u","genderize_r_authors"
"apostolos","","vagenakis","apostolos vagenakis","u","genderize_r_authors"
"todd","","partridge","todd partridge","u","genderize_r_authors"
"cindy","fabian","mascone","cindy fabian mascone","u","genderize_r_authors"
"enid","","michael","enid michael","u","genderize_r_authors"
"olga","","kolenc","olga kolenc","u","genderize_r_authors"
"michael","","tager","michael tager","u","genderize_r_authors"
"dwomoa","","adu","dwomoa adu","u","pubmed"
"raveendhara","","bannuru","raveendhara bannuru","u","pubmed"
"david","","bergqvist","david bergqvist","u","pubmed"
"kaare","harald","bønaa","kaare harald bønaa","u","pubmed"
"chi-ling","","chen","chi-ling chen","u","pubmed"
"ian","","ford","ian ford","u","pubmed"
"honest","","honest","honest honest","u","pubmed"
"hiroyasu","","iso","hiroyasu iso","u","pubmed"
"rui","","jiang","rui jiang","u","pubmed"
"li","","jiao","li jiao","u","pubmed"
"frank","","kolodgie","frank kolodgie","u","pubmed"
"brandon","","kohrt","brandon kohrt","u","pubmed"
"csaba","","kovesdy","csaba kovesdy","u","pubmed"
"john","","lazarus","john lazarus","u","pubmed"
"stewart","","levine","stewart levine","u","pubmed"
"jien-wei","","liu","jien-wei liu","u","pubmed"
"jun","","ma","jun ma","u","pubmed"
"sunanda","","ray","sunanda ray","u","pubmed"
"ge","","ri-li","ge ri-li","u","pubmed"
"jinan","","saaddine","jinan saaddine","u","pubmed"
"xin","","sun","xin sun","u","pubmed"
"eriko","","tateishi-yuyama","eriko tateishi-yuyama","u","pubmed"
"christopher","","murray","christopher murray","u","pubmed"
"uraiwan","","vuttanont","uraiwan vuttanont","u","pubmed"
"chen","","wang","chen wang","u","pubmed"
"patrice","","watson","patrice watson","u","pubmed"
"qian","","xiao","qian xiao","u","pubmed"
"quanhe","","yang","quanhe yang","u","pubmed"
"yoko","","yokoyama","yoko yokoyama","u","pubmed"
"zerrin","","turkozer","zerrin turkozer","u","wos"
"sherin","","boctor","sherin boctor","u","wos"
"manale","","ouakki","manale ouakki","u","wos"
"shuizhou","","cai","shuizhou cai","u","wos"
"kasame","","thipo","kasame thipo","u","wos"
"wonbaek","","kim","wonbaek kim","u","wos"
"fanyu","","ning","fanyu ning","u","wos"
"nantaporn","","kumsuk","nantaporn kumsuk","u","wos"
"duangta","","kanjanapothi","duangta kanjanapothi","u","wos"
"melysia","","mccalman","melysia mccalman","u","wos"
"sanemasa","","ishida","sanemasa ishida","u","wos"
"neelaiah","","siddaraju","neelaiah siddaraju","u","wos"
"berniek","","hesselink","berniek hesselink","u","wos"
"nengzhi","","chen","nengzhi chen","u","wos"
"yoonsu","","cho","yoonsu cho","u","wos"
"meilikemu","","masaidi","meilikemu masaidi","u","wos"
"yasheng","","yan","yasheng yan","u","wos"
"leixiang","","bian","leixiang bian","u","wos"
"shoujiro","","ogawa","shoujiro ogawa","u","wos"
"steingrim","","svenning","steingrim svenning","u","wos"
"xinyou","","yu","xinyou yu","u","wos"
"youngkue","","choi","youngkue choi","u","wos"
"akiomi","","ushida","akiomi ushida","u","wos"
"mee","ree","kim","mee ree kim","u","wos"
"takatsune","","narumi","takatsune narumi","u","wos"
"sheau","chiou","chao","sheau chiou chao","u","wos"
"aicong","","geng","aicong geng","u","wos"
"gee","yeng","tien","gee yeng tien","u","wos"
"sungryul","","yun","sungryul yun","u","wos"
"xiaodai","","lim","xiaodai lim","u","wos"
"laaziza","","ben khaled","laaziza ben khaled","u","wos"
"gencheng","","han","gencheng han","u","wos"
"runqian","","sui","runqian sui","u","wos"
"yueheng","","yang","yueheng yang","u","wos"
"ealmaan","","kim","ealmaan kim","u","wos"
"doungporn","","amornlerdpison","doungporn amornlerdpison","u","wos"
"yeol","","lee","yeol lee","u","wos"
"hironaga","","kuwahara","hironaga kuwahara","u","wos"
"arkadfusz","","szterk","arkadfusz szterk","u","wos"
"soo","muk","cho","soo muk cho","u","wos"
"yoonsu","","nam","yoonsu nam","u","wos"
"shereif","","el-basyuoni","shereif el-basyuoni","u","wos"
"yumushan","","gunay","yumushan gunay","u","wos"
"kunshou","","zhu","kunshou zhu","u","wos"
"nigun","","tanriverdi","nigun tanriverdi","u","wos"
"suoyan","","liu","suoyan liu","u","wos"
"chew","wun","wu","chew wun wu","u","wos"
"xingxian","","zhang","xingxian zhang","u","wos"
"khorrum","","abdulla","khorrum abdulla","u","wos"
"shanchao","","hong","shanchao hong","u","wos"
"zhongji","","meng","zhongji meng","u","wos"
"ihoezo","","ekhato","ihoezo ekhato","u","wos"
"mingce","","long","mingce long","u","wos"
"hengxi","","chen","hengxi chen","u","wos"
"mokdad","","mezna","mokdad mezna","u","wos"
"lelin","","pan","lelin pan","u","wos"
"youhu","","fan","youhu fan","u","wos"
"xianxue","","liu","xianxue liu","u","wos"
"tejencer","","thakur","tejencer thakur","u","wos"
"lianhe","","li","lianhe li","u","wos"
"yaochi","","liu","yaochi liu","u","wos"
"mahboobe","ghorbani","ravandi","mahboobe ghorbani ravandi","u","wos"
"sukalyan","","purkayastha","sukalyan purkayastha","u","wos"
"sz","","harangi","sz harangi","u","wos"
"ranjpour","","reza","ranjpour reza","u","wos"
"wansoo","","huh","wansoo huh","u","wos"
"uppalaiah","","kusampally","uppalaiah kusampally","u","wos"
"haixiu","","yang","haixiu yang","u","wos"
"shanzhi","","wang","shanzhi wang","u","wos"
"thiberio","","castelo","thiberio castelo","u","wos"
"chulhun","","kang","chulhun kang","u","wos"
"geungjoo","","lee","geungjoo lee","u","wos"
"gurses","","sahin","gurses sahin","u","wos"
"jiemjai","","kreasuwun","jiemjai kreasuwun","u","wos"
"nuchnapa","","tangboriboon","nuchnapa tangboriboon","u","wos"
"zhaosen","","xie","zhaosen xie","u","wos"
"chyekhoon","","poh","chyekhoon poh","u","wos"
"terutoyo","","yoshida","terutoyo yoshida","u","wos"
"do","suk","han","do suk han","u","wos"
"vedantarn","","rajshekhar","vedantarn rajshekhar","u","wos"
"luaay","","aziz","luaay aziz","u","wos"
"geunwoong","","yun","geunwoong yun","u","wos"
"gangotri","","pemawat","gangotri pemawat","u","wos"
"kajor","","maciej","kajor maciej","u","wos"
"ezeiny","","ebeed","ezeiny ebeed","u","wos"
"utan","","jamjai","utan jamjai","u","wos"
"ciriaque","","sia","ciriaque sia","u","wos"
"jye","lin","hsu","jye lin hsu","u","wos"
"oreina","","orrantia albizu","oreina orrantia albizu","u","wos"
"bangming","","tang","bangming tang","u","wos"
"chuti","on","kanwatanakid-savini","chuti on kanwatanakid-savini","u","wos"
"weicui","","ding","weicui ding","u","wos"
"oezguel","","guen","oezguel guen","u","wos"
"sabrieh","","ghasemi","sabrieh ghasemi","u","wos"
"khanh","","pham","khanh pham","u","wos"
"shimeru","","kamihira","shimeru kamihira","u","wos"
"huelague","","kaptan","huelague kaptan","u","wos"
"whajin","","hyun","whajin hyun","u","wos"
"oemuer","","kasimcan","oemuer kasimcan","u","wos"
"halide","","tuna","halide tuna","u","wos"
"mantana","","nualchareon","mantana nualchareon","u","wos"
"biing","teo","wong","biing teo wong","u","wos"
"lianyun","","chen","lianyun chen","u","wos"
"young","soon","kwon","young soon kwon","u","wos"
"natalya","","dinat","natalya dinat","u","wos"
"manuela","","perez-gilabert","manuela perez-gilabert","u","wos"
"song","you","hong","song you hong","u","wos"
"claudia","","carmassi","claudia carmassi","u","wos"
"noelle","","huntington","noelle huntington","u","wos"
"iris","","wong","iris wong","u","wos"
"laia","","pie","laia pie","u","wos"
"li","","zou","li zou","u","wos"
"ulla","","wilking","ulla wilking","u","wos"
"hildegard","","pfister","hildegard pfister","u","wos"
"antje","","feike","antje feike","u","wos"
"sachi","","fujioka","sachi fujioka","u","wos"
"emel","dikicioglu","cetin","emel dikicioglu cetin","u","wos"
"shamim","","ghanian","shamim ghanian","u","wos"
"nobuko","","hosokawa","nobuko hosokawa","u","wos"
"rosalba","","mansi","rosalba mansi","u","wos"
"elmar","","neumann","elmar neumann","u","wos"
"akemi","","onitsuka","akemi onitsuka","u","wos"
"friederike","","roers","friederike roers","u","wos"
"kanta","","sato","kanta sato","u","wos"
"karol","","bednarek","karol bednarek","u","wos"
"jill","","zitzewitz","jill zitzewitz","u","wos"
"keiko","","amaki","keiko amaki","u","wos"
"vanda","brito","de medeiros","vanda brito de medeiros","u","wos"
"mikiko","","ito","mikiko ito","u","wos"
"yuki","","idobata","yuki idobata","u","wos"
"erika","","deak","erika deak","u","wos"
"ae","nim","pae","ae nim pae","u","wos"
"kumiko","","shiozawa","kumiko shiozawa","u","wos"
"daniele","fabio","zullino","daniele fabio zullino","u","wos"
"daniela","","cabibi","daniela cabibi","u","wos"
"laia","","cubells","laia cubells","u","wos"
"patricia","mirella","da silva","patricia mirella da silva","u","wos"
"karin","","fritz-wolf","karin fritz-wolf","u","wos"
"valerie","","gagnaire","valerie gagnaire","u","wos"
"wiebke","","hoth-hannig","wiebke hoth-hannig","u","wos"
"andrea","","lania","andrea lania","u","wos"
"africa","","barrientos","africa barrientos","u","wos"
"sabah","","iqbal","sabah iqbal","u","wos"
"alma","","vazquez-diaz","alma vazquez-diaz","u","wos"
"neena","","john","neena john","u","wos"
"marta","","dolores mudry","marta dolores mudry","u","wos"
"takaya","","suzuki","takaya suzuki","u","wos"
"morven","","leese","morven leese","u","wos"
"yi","ching","ho","yi ching ho","u","wos"
"linna","","shi","linna shi","u","wos"
"chunrong","","yin","chunrong yin","u","wos"
"maryvonne","","kombila","maryvonne kombila","u","wos"
"naomi","","sayre","naomi sayre","u","wos"
"pernille","","koefoed","pernille koefoed","u","wos"
"rita","de","conceicao","rita de conceicao","u","wos"
"gabriela","","palomo","gabriela palomo","u","wos"
"chiharu","","koshio","chiharu koshio","u","wos"
"hannah","","fiji","hannah fiji","u","wos"
"petra","","van rijn-bikker","petra van rijn-bikker","u","wos"
"francoise","","darcel","francoise darcel","u","wos"
"milena","","hasan","milena hasan","u","wos"
"giorgia","","abrignani","giorgia abrignani","u","wos"
"karine","","mention","karine mention","u","wos"
"kiyomi","","tsukimori","kiyomi tsukimori","u","wos"
"maelenn","","guerchet","maelenn guerchet","u","wos"
"junpei","","anno","junpei anno","u","wos"
"ewa","","makarska","ewa makarska","u","wos"
"sayaka","","tsukioka","sayaka tsukioka","u","wos"
"daniela","","boassa","daniela boassa","u","wos"
"hiromi","","hosako","hiromi hosako","u","wos"
"sanae","","kourimate","sanae kourimate","u","wos"
"myung","hee","kang","myung hee kang","u","wos"
"rosanne","","crooke","rosanne crooke","u","wos"
"gabriella","","gibson","gabriella gibson","u","wos"
"elena","","amutio","elena amutio","u","wos"
"martine","","auclair","martine auclair","u","wos"
"elisa","","verrua","elisa verrua","u","wos"
"svetlana","","gingis-velitski","svetlana gingis-velitski","u","wos"
"virginia","","gargano","virginia gargano","u","wos"
"ghada","","gobah","ghada gobah","u","wos"
"eun","jig","lee","eun jig lee","u","wos"
"jenna","","gress","jenna gress","u","wos"
"kayo","","koide","kayo koide","u","wos"
"grazia","","gallo","grazia gallo","u","wos"
"zhiqi","","sun","zhiqi sun","u","wos"
"jyoti","","nayak","jyoti nayak","u","wos"
"ya","qin","zhang","ya qin zhang","u","wos"
"heather","","alvarez","heather alvarez","u","wos"
"rufina","","garcia","rufina garcia","u","wos"
"trina","","crilley","trina crilley","u","wos"
"tana","","witt","tana witt","u","wos"
"bianca","","lim","bianca lim","u","wos"
"marta","","olivera angel","marta olivera angel","u","wos"
"joan","","gu","joan gu","u","wos"
"yan","","cheng","yan cheng","u","wos"
"roxie","","diaz","roxie diaz","u","wos"
"conceicao","","nogueira","conceicao nogueira","u","wos"
"muriel","","segur-derai","muriel segur-derai","u","wos"
"dovile","","stepanonyte","dovile stepanonyte","u","wos"
"chantal","","dion","chantal dion","u","wos"
"inge","","berends","inge berends","u","wos"
"seong","eun","lee","seong eun lee","u","wos"
"so","meng","wang","so meng wang","u","wos"
"yanina","","del valle balmaceda","yanina del valle balmaceda","u","wos"
"tara","","white","tara white","u","wos"
"bienvenue","","sanfo","bienvenue sanfo","u","wos"
"deniz","","kececioglu","deniz kececioglu","u","wos"
"xia","","li","xia li","u","wos"
"in","chul","hwang","in chul hwang","u","wos"
"gerd","","nuernberg","gerd nuernberg","u","wos"
"haeyoung","","lim","haeyoung lim","u","wos"
"junya","","yamaguchi","junya yamaguchi","u","wos"
"tae","ju","park","tae ju park","u","wos"
"liane","","huether","liane huether","u","wos"
"andrea","","mogorovich","andrea mogorovich","u","wos"
"elena","","petricci","elena petricci","u","wos"
"swati","","jain","swati jain","u","wos"
"herminia","mino","de kaspar","herminia mino de kaspar","u","wos"
"yanjie","","yu","yanjie yu","u","wos"
"qiuling","","gao","qiuling gao","u","wos"
"xiaoxin","","zhang","xiaoxin zhang","u","wos"
"reiko","","onishi","reiko onishi","u","wos"
"miho","","ueda","miho ueda","u","wos"
"mariangela","","massaro","mariangela massaro","u","wos"
"xiao","gui","zhan","xiao gui zhan","u","wos"
"ying","","tang","ying tang","u","wos"
"farhana","","hogue","farhana hogue","u","wos"
"dilek","","babalik","dilek babalik","u","wos"
"adriana","","albino","adriana albino","u","wos"
"chahrazad","","moubarik","chahrazad moubarik","u","wos"
"henriette","","vedtofte","henriette vedtofte","u","wos"
"leonie","","gauss","leonie gauss","u","wos"
"ling","","wu","ling wu","u","wos"
"carmela","","maniero","carmela maniero","u","wos"
"raffaella","","motta","raffaella motta","u","wos"
"carly","","shecter","carly shecter","u","wos"
"priti","","chattergee","priti chattergee","u","wos"
"seda","","eminaga","seda eminaga","u","wos"
"maria","grazia","bonomo","maria grazia bonomo","u","wos"
"akiko","","miyagi","akiko miyagi","u","wos"
"ting","","wang","ting wang","u","wos"
"min","hee","lee","min hee lee","u","wos"
"ji","hye","han","ji hye han","u","wos"
"xia","","qi","xia qi","u","wos"
"ling","yueh","hu","ling yueh hu","u","wos"
"piia","","leskinen","piia leskinen","u","wos"
"adriana","","godin","adriana godin","u","wos"
"bailin","","liu","bailin liu","u","wos"
"nidia","","vanessa valenzuela-grijalva","nidia vanessa valenzuela-grijalva","u","wos"
"hoda","","mirzazadeh","hoda mirzazadeh","u","wos"
"rekha","","dom","rekha dom","u","wos"
"soo","kyong","choi","soo kyong choi","u","wos"
"yeon","gil","jung","yeon gil jung","u","wos"
"francesca","","elli","francesca elli","u","wos"
"aparajita","","duarah","aparajita duarah","u","wos"
"li","sha","an","li sha an","u","wos"
"zdenek","","slanina","zdenek slanina","u","wos"
"kazuhiko","","satoh","kazuhiko satoh","u","wos"
"kazuo","","suwa","kazuo suwa","u","wos"
"gunnar","","lose","gunnar lose","u","wos"
"sang","woo","lee","sang woo lee","u","wos"
"matt","","mcglone","matt mcglone","u","wos"
"canhua","","huang","canhua huang","u","wos"
"jose","albertino","bendassoli","jose albertino bendassoli","u","wos"
"kazuya","","saito","kazuya saito","u","wos"
"norio","","wake","norio wake","u","wos"
"toshio","","tanaka","toshio tanaka","u","wos"
"asif","","tahir","asif tahir","u","wos"
"ferdinando","","cananzi","ferdinando cananzi","u","wos"
"german","","pinzon-duarte","german pinzon-duarte","u","wos"
"gustavo","ferreira","leonhardt","gustavo ferreira leonhardt","u","wos"
"varun","","notibala","varun notibala","u","wos"
"andreas","","widmer","andreas widmer","u","wos"
"georgios","","lappas","georgios lappas","u","wos"
"jie","","ji","jie ji","u","wos"
"yong","","li","yong li","u","wos"
"ming","","tregay","ming tregay","u","wos"
"xiaoming","","wang","xiaoming wang","u","wos"
"hyo","jin","ahn","hyo jin ahn","u","wos"
"hong","","shen","hong shen","u","wos"
"jeno","","fekete","jeno fekete","u","wos"
"juan","","camacho-cristobal","juan camacho-cristobal","u","wos"
"david","","bartolo","david bartolo","u","wos"
"yi","","cai","yi cai","u","wos"
"zhilong","","shi","zhilong shi","u","wos"
"carlos","","herrera-garcia","carlos herrera-garcia","u","wos"
"rainer","","hegger","rainer hegger","u","wos"
"fernando","augusto","barreiros","fernando augusto barreiros","u","wos"
"eric","chieh","chou","eric chieh chou","u","wos"
"steffen","","dereich","steffen dereich","u","wos"
"meng","","liu","meng liu","u","wos"
"erling","","mellerup","erling mellerup","u","wos"
"hong","","xiao","hong xiao","u","wos"
"yassine","","zaier","yassine zaier","u","wos"
"fernando","","dominguez-castro","fernando dominguez-castro","u","wos"
"jong","hu","park","jong hu park","u","wos"
"jin","ho","choe","jin ho choe","u","wos"
"uri","","barash","uri barash","u","wos"
"hassan","mohamed","elsangedy","hassan mohamed elsangedy","u","wos"
"andrey","","starikov","andrey starikov","u","wos"
"shintaro","","yasui","shintaro yasui","u","wos"
"kun","","yang","kun yang","u","wos"
"yuriy","","sharikov","yuriy sharikov","u","wos"
"david","","lof","david lof","u","wos"
"liang","","wen","liang wen","u","wos"
"weimin","","cai","weimin cai","u","wos"
"xinchun","","yang","xinchun yang","u","wos"
"robert","","wesley","robert wesley","u","wos"
"miguel","","quartin","miguel quartin","u","wos"
"ahmed","","magheli","ahmed magheli","u","wos"
"lucas","","redmond","lucas redmond","u","wos"
"trevor","","mole","trevor mole","u","wos"
"xingguo","","liang","xingguo liang","u","wos"
"hong","","zheng","hong zheng","u","wos"
"lance","","miller","lance miller","u","wos"
"christopher","","rice","christopher rice","u","wos"
"carlos","","herrera","carlos herrera","u","wos"
"jesus","","fernandez","jesus fernandez","u","wos"
"garth","","cameron","garth cameron","u","wos"
"shigeyuki","","tajima","shigeyuki tajima","u","wos"
"tadao","","harada","tadao harada","u","wos"
"marcio","","costa","marcio costa","u","wos"
"takeshi","","nishino","takeshi nishino","u","wos"
"daniel","","lin","daniel lin","u","wos"
"woo","ram","lee","woo ram lee","u","wos"
"kyu","sung","lee","kyu sung lee","u","wos"
"tulio","machado","fumian","tulio machado fumian","u","wos"
"stefan","","koperny","stefan koperny","u","wos"
"kai","hang","yiu","kai hang yiu","u","wos"
"giovanni","","pertosa","giovanni pertosa","u","wos"
"deusdedit","cortez","silva neto","deusdedit cortez silva neto","u","wos"
"daniel","","molle","daniel molle","u","wos"
"antonio","","algaba","antonio algaba","u","wos"
"shi","kai","yan","shi kai yan","u","wos"
"fei","","wang","fei wang","u","wos"
"fabrice","","simon","fabrice simon","u","wos"
"andre","","smith","andre smith","u","wos"
"edwin","","otten","edwin otten","u","wos"
"kwangmeyung","","kim","kwangmeyung kim","u","wos"
"lajos","","nagy","lajos nagy","u","wos"
"sayed","hossein","banitaba","sayed hossein banitaba","u","wos"
"arun","","gupta","arun gupta","u","wos"
"zoran","","galic","zoran galic","u","wos"
"hidekazu","","yoshikawa","hidekazu yoshikawa","u","wos"
"vasiliy","","naumchik","vasiliy naumchik","u","wos"
"david","","lesage","david lesage","u","wos"
"mikko","","mayranpaa","mikko mayranpaa","u","wos"
"ahmed","","mostafa","ahmed mostafa","u","wos"
"yu","chen","yang","yu chen yang","u","wos"
"kwon","il","na","kwon il na","u","wos"
"emanuel","joaquim","victoria monteiro oliveira","emanuel joaquim victoria monteiro oliveira","u","wos"
"johannes","","vissers","johannes vissers","u","wos"
"patrick","","mueller","patrick mueller","u","wos"
"min","","cui","min cui","u","wos"
"jean","claude","chaumeil","jean claude chaumeil","u","wos"
"atsushi","","takahashi","atsushi takahashi","u","wos"
"wan","chen","huang","wan chen huang","u","wos"
"frank","","stahl","frank stahl","u","wos"
"lei","","yin","lei yin","u","wos"
"georgios","","lukes-gerakopoulos","georgios lukes-gerakopoulos","u","wos"
"paolo","","lodone","paolo lodone","u","wos"
"hye","young","kim","hye young kim","u","wos"
"daniel","","schindler","daniel schindler","u","wos"
"james","","lawson","james lawson","u","wos"
"mark","","riddle","mark riddle","u","wos"
"luca","","ronfani","luca ronfani","u","wos"
"serkan","","kaya","serkan kaya","u","wos"
"aziz","","ogutlu","aziz ogutlu","u","wos"
"jian","jun","fu","jian jun fu","u","wos"
"jeronimo","","graf","jeronimo graf","u","wos"
"mayukh","","das","mayukh das","u","wos"
"sachin","","bhagwat","sachin bhagwat","u","wos"
"antonio","","silva","antonio silva","u","wos"
"elliott","","margulies","elliott margulies","u","wos"
"jiang","","jiang","jiang jiang","u","wos"
"jian","","shen","jian shen","u","wos"
"luis","alberto","oliveira dallan","luis alberto oliveira dallan","u","wos"
"gui","xia","lu","gui xia lu","u","wos"
"abu","james","sundufu","abu james sundufu","u","wos"
"eduardo","","vernon-carter","eduardo vernon-carter","u","wos"
"cedric","","pennetier","cedric pennetier","u","wos"
"victor","","khrustalev","victor khrustalev","u","wos"
"andrew","","harris","andrew harris","u","wos"
"miquel","","vilardell-tarres","miquel vilardell-tarres","u","wos"
"timothy","","farley","timothy farley","u","wos"
"jerome","","laurence","jerome laurence","u","wos"
"peng","","wang","peng wang","u","wos"
"andras","","szilagyi","andras szilagyi","u","wos"
"quan","sheng","wang","quan sheng wang","u","wos"
"zheng","","fan","zheng fan","u","wos"
"laszlo","","sturmann","laszlo sturmann","u","wos"
"fabio","fernando","de araujo","fabio fernando de araujo","u","wos"
"stewart","","loker","stewart loker","u","wos"
"cristian","","dobrota","cristian dobrota","u","wos"
"johan","","detraux","johan detraux","u","wos"
"oscar","","bravo","oscar bravo","u","wos"
"zexin","","wang","zexin wang","u","wos"
"theodore","","sand","theodore sand","u","wos"
"christopher","","cheng","christopher cheng","u","wos"
"romeo","","bellini","romeo bellini","u","wos"
"djamel","","benguettat","djamel benguettat","u","wos"
"manas","ranjan","pattanayak","manas ranjan pattanayak","u","wos"
"flavio","pimenta","de figueiredo","flavio pimenta de figueiredo","u","wos"
"diego","","russo","diego russo","u","wos"
"preston","","brown","preston brown","u","wos"
"toshiyuki","","kanamori","toshiyuki kanamori","u","wos"
"ryan","","wagner","ryan wagner","u","wos"
"anil","","d'cruz","anil d'cruz","u","wos"
"hiroshi","","shimoda","hiroshi shimoda","u","wos"
"jie","","hong","jie hong","u","wos"
"richard","","nicholson","richard nicholson","u","wos"
"pengchong","","xue","pengchong xue","u","wos"
"gerardo","","hernandez-sanchez","gerardo hernandez-sanchez","u","wos"
"dieter","","wolf","dieter wolf","u","wos"
"yasuo","","yumoto","yasuo yumoto","u","wos"
"masahiro","","yamazaki","masahiro yamazaki","u","wos"
"paride","","papadia","paride papadia","u","wos"
"john","","joseph","john joseph","u","wos"
"frederik","","hoogwater","frederik hoogwater","u","wos"
"young","mo","koo","young mo koo","u","wos"
"long","jiang","zhang","long jiang zhang","u","wos"
"alain","","lachaux","alain lachaux","u","wos"
"david","","schilling","david schilling","u","wos"
"alex","","carrete","alex carrete","u","wos"
"eugene","","asahchop","eugene asahchop","u","wos"
"thomas","","betsche","thomas betsche","u","wos"
"emmanuel","","yewande","emmanuel yewande","u","wos"
"linjie","","chen","linjie chen","u","wos"
"kai","ming","you","kai ming you","u","wos"
"zhi","hui","xu","zhi hui xu","u","wos"
"kuo","hung","huang","kuo hung huang","u","wos"
"costin","sorin","bildea","costin sorin bildea","u","wos"
"gustavo","","milone","gustavo milone","u","wos"
"el","hassan","hamdani","el hassan hamdani","u","wos"
"yong","","zubairi","yong zubairi","u","wos"
"hans","","rupprecht","hans rupprecht","u","wos"
"saurabh","","nema","saurabh nema","u","wos"
"yutaka","","tarui","yutaka tarui","u","wos"
"tianyi","","zhang","tianyi zhang","u","wos"
"satoru","","yasukawa","satoru yasukawa","u","wos"
"willy","","chang","willy chang","u","wos"
"acaio","zuniga","leite","acaio zuniga leite","u","wos"
"chien","ping","chiang","chien ping chiang","u","wos"
"xu","","ma","xu ma","u","wos"
"graeme","","howe","graeme howe","u","wos"
"sebastien","","deck","sebastien deck","u","wos"
"guillermo","","deben","guillermo deben","u","wos"
"gonzalo","","vasquez palacio","gonzalo vasquez palacio","u","wos"
"honggang","","ye","honggang ye","u","wos"
"christoph","","sinning","christoph sinning","u","wos"
"ji","heon","park","ji heon park","u","wos"
"enrique","","flores-andrade","enrique flores-andrade","u","wos"
"jie","","sun","jie sun","u","wos"
"claudio","","oddino","claudio oddino","u","wos"
"mamoru","","kiniwa","mamoru kiniwa","u","wos"
"vincenzo","","rivieccio","vincenzo rivieccio","u","wos"
"jianguo","","yin","jianguo yin","u","wos"
"gustavo","","gutierrez","gustavo gutierrez","u","wos"
"jian","","gao","jian gao","u","wos"
"ricardo","","santos","ricardo santos","u","wos"
"kun","","lu","kun lu","u","wos"
"su","","qu","su qu","u","wos"
"david","","stenger","david stenger","u","wos"
"leonardo","henrique","gomes","leonardo henrique gomes","u","wos"
"sebastien","","briolant","sebastien briolant","u","wos"
"xiaoying","","zhang","xiaoying zhang","u","wos"
"calogero","","camma","calogero camma","u","wos"
"scott","","brock","scott brock","u","wos"
"kiyoshi","","setoguchi","kiyoshi setoguchi","u","wos"
"gabriel","","canard","gabriel canard","u","wos"
"yusuf","","yildirim","yusuf yildirim","u","wos"
"xiaoming","","lin","xiaoming lin","u","wos"
"ruonan","","xu","ruonan xu","u","wos"
"ryuichi","","sakai","ryuichi sakai","u","wos"
"ill","min","chung","ill min chung","u","wos"
"stephen","","lee","stephen lee","u","wos"
"seung","hoon","lee","seung hoon lee","u","wos"
"xiao","hua","yuan","xiao hua yuan","u","wos"
"mario","","binder","mario binder","u","wos"
"carlos","","anaruma","carlos anaruma","u","wos"
"jacques","","riou","jacques riou","u","wos"
"hong","yan","lu","hong yan lu","u","wos"
"ernest","","gould","ernest gould","u","wos"
"hao","chieh","hsieh","hao chieh hsieh","u","wos"
"olli","","salmi","olli salmi","u","wos"
"chaohui","","ye","chaohui ye","u","wos"
"till","","riehm","till riehm","u","wos"
"yoshiaki","","kaneko","yoshiaki kaneko","u","wos"
"ronny","","duncan","ronny duncan","u","wos"
"gregory","","theodoridis","gregory theodoridis","u","wos"
"cyril","","aubaud","cyril aubaud","u","wos"
"suguru","","ohno","suguru ohno","u","wos"
"robert","","suggs","robert suggs","u","wos"
"michael","","puetz","michael puetz","u","wos"
"sung","soo","park","sung soo park","u","wos"
"sam","","stevens","sam stevens","u","wos"
"zheng","de","deng","zheng de deng","u","wos"
"christopher","","mcsweeney","christopher mcsweeney","u","wos"
"cun","gang","fan","cun gang fan","u","wos"
"shi","yong","fan","shi yong fan","u","wos"
"bin","","yin","bin yin","u","wos"
"ryu","","matsuoka","ryu matsuoka","u","wos"
"alfred","","bockarie","alfred bockarie","u","wos"
"patrick","","harter","patrick harter","u","wos"
"sheng","","fang","sheng fang","u","wos"
"osamu","","matsui","osamu matsui","u","wos"
"zhuo","","chen","zhuo chen","u","wos"
"konstantinos","","kyparissoudis","konstantinos kyparissoudis","u","wos"
"fan","","yang","fan yang","u","wos"
"kasem","","kulkeaw","kasem kulkeaw","u","wos"
"felipe","","surco-laos","felipe surco-laos","u","wos"
"irfan","","mohammed","irfan mohammed","u","wos"
"xavier","","deffieux","xavier deffieux","u","wos"
"david","","karst","david karst","u","wos"
"thomas","","mbeeli","thomas mbeeli","u","wos"
"xiaolu","","tang","xiaolu tang","u","wos"
"guang","xi","xing","guang xi xing","u","wos"
"hikaru","","tomoe","hikaru tomoe","u","wos"
"pedro","luis","da costa aguiar alves","pedro luis da costa aguiar alves","u","wos"
"youssef","","rouphael","youssef rouphael","u","wos"
"toshinori","","oka","toshinori oka","u","wos"
"john","","turton","john turton","u","wos"
"dave","","chatoor","dave chatoor","u","wos"
"robert","","wilkinson","robert wilkinson","u","wos"
"mikail","","yarlioglues","mikail yarlioglues","u","wos"
"goro","","takata","goro takata","u","wos"
"junichi","","yukawa","junichi yukawa","u","wos"
"jose","teixeira","de seixas filho","jose teixeira de seixas filho","u","wos"
"kenichiro","","kusudo","kenichiro kusudo","u","wos"
"carl","","balibar","carl balibar","u","wos"
"ichiro","","horie","ichiro horie","u","wos"
"yoshihiro","","ohmiya","yoshihiro ohmiya","u","wos"
"antonio","","bastone","antonio bastone","u","wos"
"xinglong","","huang","xinglong huang","u","wos"
"beom","jin","lee","beom jin lee","u","wos"
"anderson","de","barbosa","anderson de barbosa","u","wos"
"keisuke","","kijima","keisuke kijima","u","wos"
"yves","","reznik","yves reznik","u","wos"
"wei","","lei","wei lei","u","wos"
"yu","","zhang","yu zhang","u","wos"
"moussa","","sanon","moussa sanon","u","wos"
"min","ho","jang","min ho jang","u","wos"
"stefano","","milione","stefano milione","u","wos"
"gregorio","","villar","gregorio villar","u","wos"
"jia","ming","li","jia ming li","u","wos"
"linping","","zhang","linping zhang","u","wos"
"thomas","","fox","thomas fox","u","wos"
"jorge","","arias","jorge arias","u","wos"
"dietmar","","eberbeck","dietmar eberbeck","u","wos"
"yu","","korostelin","yu korostelin","u","wos"
"zhi","bing","zheng","zhi bing zheng","u","wos"
"chul","won","park","chul won park","u","wos"
"huihui","","huang","huihui huang","u","wos"
"dennis","","holzschuh","dennis holzschuh","u","wos"
"sheng","","liu","sheng liu","u","wos"
"lon","yen","tsao","lon yen tsao","u","wos"
"huajie","","yin","huajie yin","u","wos"
"xiaohui","","wu","xiaohui wu","u","wos"
"damir","","becirevic","damir becirevic","u","wos"
"sachin","","patil","sachin patil","u","wos"
"seiichi","","morokuma","seiichi morokuma","u","wos"
"james","","chumley","james chumley","u","wos"
"qunfeng","","cheng","qunfeng cheng","u","wos"
"amadeus","","brandau","amadeus brandau","u","wos"
"fotios","","chrisomallis","fotios chrisomallis","u","wos"
"donald","","everett","donald everett","u","wos"
"koji","","kitada","koji kitada","u","wos"
"dongwook","","kwon","dongwook kwon","u","wos"
"jin","chun","kim","jin chun kim","u","wos"
"susumu","","ohkawa","susumu ohkawa","u","wos"
"jung","hyun","kim","jung hyun kim","u","wos"
"yoshio","","kiyohara","yoshio kiyohara","u","wos"
"david","","salom","david salom","u","wos"
"miklos","","zrinyi","miklos zrinyi","u","wos"
"guillaume","","parry","guillaume parry","u","wos"
"nagib","","daher","nagib daher","u","wos"
"robert","","van dongen","robert van dongen","u","wos"
"cristiano","ragagnin","de menezes","cristiano ragagnin de menezes","u","wos"
"xiaoyong","","fu","xiaoyong fu","u","wos"
"ramiro","","costa","ramiro costa","u","wos"
"yun","","shang","yun shang","u","wos"
"defang","","xu","defang xu","u","wos"
"athanasios","","theocharidis","athanasios theocharidis","u","wos"
"rui","","silva","rui silva","u","wos"
"jon","","amastae","jon amastae","u","wos"
"zhibin","","hu","zhibin hu","u","wos"
"ales","","ruzicka","ales ruzicka","u","wos"
"shoji","","fujita","shoji fujita","u","wos"
"wei","ming","wang","wei ming wang","u","wos"
"rolf","juergen","schwarz","rolf juergen schwarz","u","wos"
"renzo","","de toni","renzo de toni","u","wos"
"wei","","han","wei han","u","wos"
"ken","","miles","ken miles","u","wos"
"waldemar","","bednarski","waldemar bednarski","u","wos"
"shinsuke","","sato","shinsuke sato","u","wos"
"ruiqiang","","li","ruiqiang li","u","wos"
"kai","","shi","kai shi","u","wos"
"long","","wan","long wan","u","wos"
"qi","","tan","qi tan","u","wos"
"shiang","huei","jiang","shiang huei jiang","u","wos"
"matthew","","kasper","matthew kasper","u","wos"
"nobuya","","yoshiki","nobuya yoshiki","u","wos"
"ming","ming","guo","ming ming guo","u","wos"
"jiang","","shen","jiang shen","u","wos"
"guo","ping","han","guo ping han","u","wos"
"chi","ming","hu","chi ming hu","u","wos"
"anders","","rosell","anders rosell","u","wos"
"bruno","","oertel","bruno oertel","u","wos"
"xiao","","cheng","xiao cheng","u","wos"
"masaki","","tachibana","masaki tachibana","u","wos"
"ranjeet","","utikar","ranjeet utikar","u","wos"
"rong","keng","yap","rong keng yap","u","wos"
"naoya","","oketani","naoya oketani","u","wos"
"chun","hung","lai","chun hung lai","u","wos"
"ruo","","yuan","ruo yuan","u","wos"
"emanuele","","ferrante","emanuele ferrante","u","wos"
"chunbo","","tang","chunbo tang","u","wos"
"cun","","wang","cun wang","u","wos"
"jing","","fu","jing fu","u","wos"
"yufu","","moriyama","yufu moriyama","u","wos"
"dong","hyuk","shin","dong hyuk shin","u","wos"
"hong","ru","dong","hong ru dong","u","wos"
"ryohei","","takahashi","ryohei takahashi","u","wos"
"eran","","hadar","eran hadar","u","wos"
"zhiqiang","","huang","zhiqiang huang","u","wos"
"chien","hung","yeh","chien hung yeh","u","wos"
"kenichiro","","mizohata","kenichiro mizohata","u","wos"
"jae","keun","kim","jae keun kim","u","wos"
"chang","whan","won","chang whan won","u","wos"
"makoto","","taniguchi","makoto taniguchi","u","wos"
"stacey","","bent","stacey bent","u","wos"
"rene","","schloss","rene schloss","u","wos"
"christian","","bula","christian bula","u","wos"
"juergen","","hafner","juergen hafner","u","wos"
"young","pil","park","young pil park","u","wos"
"jaime","","hart","jaime hart","u","wos"
"young","bum","kim","young bum kim","u","wos"
"jae","woong","hwang","jae woong hwang","u","wos"
"maiko","","suzuki","maiko suzuki","u","wos"
"jean","michel","vandeweerd","jean michel vandeweerd","u","wos"
"jae","","youn","jae youn","u","wos"
"jin","hee","woo","jin hee woo","u","wos"
"young","han","song","young han song","u","wos"
"takehiko","","yamato","takehiko yamato","u","wos"
"lee","","ellis","lee ellis","u","wos"
"marion","","pavlic","marion pavlic","u","wos"
"limor","","rosenberg","limor rosenberg","u","wos"
"shigenobu","","kanba","shigenobu kanba","u","wos"
"jean","louis","marty","jean louis marty","u","wos"
"jean","pierre","dognon","jean pierre dognon","u","wos"
"jan","ove","ebbestad","jan ove ebbestad","u","wos"
"akira","","matsuo","akira matsuo","u","wos"
"jean","marie","saudubray","jean marie saudubray","u","wos"
"alexis","","demonbreun","alexis demonbreun","u","wos"
"su","young","kim","su young kim","u","wos"
"robin","","christensen","robin christensen","u","wos"
"lesley","","owen","lesley owen","u","wos"
"christian","","steensen","christian steensen","u","wos"
"go","","hasegawa","go hasegawa","u","wos"
"katsumi","","ueno","katsumi ueno","u","wos"
"akira","","goto","akira goto","u","wos"
"michel","","cathelineau","michel cathelineau","u","wos"
"chi","sing","lam","chi sing lam","u","wos"
"leslie","","powell","leslie powell","u","wos"
"shigenobu","","hayashi","shigenobu hayashi","u","wos"
"akira","","ikari","akira ikari","u","wos"
"jaime","","escalante","jaime escalante","u","wos"
"kelly","","kajumulo","kelly kajumulo","u","wos"
"chang","geun","song","chang geun song","u","wos"
"jan","rouke","kuipers","jan rouke kuipers","u","wos"
"michel","","ovize","michel ovize","u","wos"
"jean","jacques","diaz","jean jacques diaz","u","wos"
"noel","","dunlop","noel dunlop","u","wos"
"jean","pierre","allegret","jean pierre allegret","u","wos"
"terry","","goldberg","terry goldberg","u","wos"
"kim","","retra","kim retra","u","wos"
"lynn","","onstad","lynn onstad","u","wos"
"jean","luc","coville","jean luc coville","u","wos"
"terry","","doyle","terry doyle","u","wos"
"pu","hong","zhang","pu hong zhang","u","wos"
"jerzy","","bodzenta","jerzy bodzenta","u","wos"
"shashi","","raheja","shashi raheja","u","wos"
"guenther","","kirchner","guenther kirchner","u","wos"
"lesley","","torrance","lesley torrance","u","wos"
"jean","louis","merlin","jean louis merlin","u","wos"
"akira","","tkuhiro","akira tkuhiro","u","wos"
"michel","","baes","michel baes","u","wos"
"kim","","midwood","kim midwood","u","wos"
"jan","erik","fosseidengen","jan erik fosseidengen","u","wos"
"knud","","larsen","knud larsen","u","wos"
"jean","patrice","robin","jean patrice robin","u","wos"
"hsin","jen","tsai","hsin jen tsai","u","wos"
"kim","","hultin","kim hultin","u","wos"
"rene","","de mot","rene de mot","u","wos"
"chris","","peterson","chris peterson","u","wos"
"jean","michel","brankart","jean michel brankart","u","wos"
"casey","","hetrick","casey hetrick","u","wos"
"kim","","kusser","kim kusser","u","wos"
"michel","","comeau","michel comeau","u","wos"
"robin","","thompson","robin thompson","u","wos"
"marlow","","price","marlow price","u","wos"
"jan","haug","anonsen","jan haug anonsen","u","wos"
"moran","","kopel","moran kopel","u","wos"
"akira","","hishida","akira hishida","u","wos"
"kim","","jones","kim jones","u","wos"
"jamie","","kramer","jamie kramer","u","wos"
"noel","","tordo","noel tordo","u","wos"
"chi","tim","ng","chi tim ng","u","wos"
"lu","","chen","lu chen","u","wos"
"kim","","hammond-kosack","kim hammond-kosack","u","wos"
"chris","","fiacconi","chris fiacconi","u","wos"
"makoto","","seto","makoto seto","u","wos"
"aki","","tsuchiya","aki tsuchiya","u","wos"
"chang","young","jang","chang young jang","u","wos"
"shawn","","balark","shawn balark","u","wos"
"kim","","mcfann","kim mcfann","u","wos"
"michal","","gil","michal gil","u","wos"
"jean","noel","roux","jean noel roux","u","wos"
"jan","hakan","jansson","jan hakan jansson","u","wos"
"jean","francos","dartigues","jean francos dartigues","u","wos"
"dominique","","le guludec","dominique le guludec","u","wos"
"jean","michel","goujon","jean michel goujon","u","wos"
"jean","marc","saiter","jean marc saiter","u","wos"
"chanchal","","mitra","chanchal mitra","u","wos"
"lynn","","abbott","lynn abbott","u","wos"
"arja","","rimpela","arja rimpela","u","wos"
"christian","","lemaire","christian lemaire","u","wos"
"christian","","ledezma","christian ledezma","u","wos"
"young","","you","young you","u","wos"
"jean","marc","gallo","jean marc gallo","u","wos"
"dana","","ferraris","dana ferraris","u","wos"
"makoto","","miyazaki","makoto miyazaki","u","wos"
"kendall","","hutto","kendall hutto","u","wos"
"jean","baptiste","sanchez","jean baptiste sanchez","u","wos"
"michel","","saint-germain","michel saint-germain","u","wos"
"robin","","young","robin young","u","wos"
"jean","jacques","robin","jean jacques robin","u","wos"
"dana","","arnold","dana arnold","u","wos"
"jenn","ren","hsiao","jenn ren hsiao","u","wos"
"robin","","ashmore","robin ashmore","u","wos"
"christian","","carioni","christian carioni","u","wos"
"jessie","","grafenberg","jessie grafenberg","u","wos"
"kelly","","schweim","kelly schweim","u","wos"
"juergen","","kratzch","juergen kratzch","u","wos"
"tracy","","waldeciz","tracy waldeciz","u","wos"
"go","","chiba","go chiba","u","wos"
"makoto","","tsukahara","makoto tsukahara","u","wos"
"chong","lye","ang","chong lye ang","u","wos"
"dominique","","lange","dominique lange","u","wos"
"young","hyun","yoo","young hyun yoo","u","wos"
"hong","guo","jin","hong guo jin","u","wos"
"juergen","","bergmann","juergen bergmann","u","wos"
"michel","","coppieters","michel coppieters","u","wos"
"lynn","","horvath","lynn horvath","u","wos"
"kyo","","wakasa","kyo wakasa","u","wos"
"shin","young","park","shin young park","u","wos"
"yeon","woo","jeong","yeon woo jeong","u","wos"
"anu","","kallio","anu kallio","u","wos"
"harshal","","rajekar","harshal rajekar","u","wos"
"jean","marie","vila","jean marie vila","u","wos"
"dana","","kielar","dana kielar","u","wos"
"xing","yu","jin","xing yu jin","u","wos"
"young","kul","jung","young kul jung","u","wos"
"christian","","maeurer","christian maeurer","u","wos"
"sang","","nguyen","sang nguyen","u","wos"
"jean","marie","seigneurin","jean marie seigneurin","u","wos"
"maiko","","arita","maiko arita","u","wos"
"makoto","","uyama","makoto uyama","u","wos"
"koki","","urita","koki urita","u","wos"
"jean","jacques","patard","jean jacques patard","u","wos"
"kris","","wyckhuys","kris wyckhuys","u","wos"
"jean","francois","morfin","jean francois morfin","u","wos"
"michel","","le baccon","michel le baccon","u","wos"
"hong","quan","he","hong quan he","u","wos"
"adrian","","lupescu","adrian lupescu","u","wos"
"michel","","mittelbronn","michel mittelbronn","u","wos"
"willie","","bawarski","willie bawarski","u","wos"
"lynn","","adams","lynn adams","u","wos"
"kim","","hutchings","kim hutchings","u","wos"
"jan","roelof","polling","jan roelof polling","u","wos"
"michal","","zielinski","michal zielinski","u","wos"
"makoto","","hasegawa","makoto hasegawa","u","wos"
"jean","claude","berges","jean claude berges","u","wos"
"shahin","","abbaszadeh","shahin abbaszadeh","u","wos"
"jean","francois","savard","jean francois savard","u","wos"
"jean","yves","fagon","jean yves fagon","u","wos"
"jean","lacau","guily","jean lacau guily","u","wos"
"rene","","delobel","rene delobel","u","wos"
"jerzy","","wiench","jerzy wiench","u","wos"
"takehiko","","kikuchi","takehiko kikuchi","u","wos"
"samudra","","roy","samudra roy","u","wos"
"sandy","","ibanes","sandy ibanes","u","wos"
"kerry","","cormier","kerry cormier","u","wos"
"li","sung","tsao","li sung tsao","u","wos"
"jean","pierre","sollet","jean pierre sollet","u","wos"
"christian","","clerc","christian clerc","u","wos"
"alexis","","kalman-bowlus","alexis kalman-bowlus","u","wos"
"jean","michel","reperant","jean michel reperant","u","wos"
"jean","marc","leyssale","jean marc leyssale","u","wos"
"kris","","huygen","kris huygen","u","wos"
"akira","","takada","akira takada","u","wos"
"shannon","","vonmuenster","shannon vonmuenster","u","wos"
"makoto","","muramatsu","makoto muramatsu","u","wos"
"chi","wang","ip","chi wang ip","u","wos"
"jan","","tijssen","jan tijssen","u","wos"
"yong","lie","chu","yong lie chu","u","wos"
"morgan","","wallace","morgan wallace","u","wos"
"adrian","","vojnov","adrian vojnov","u","wos"
"dominique","","lorang","dominique lorang","u","wos"
"jaime","","gomes","jaime gomes","u","wos"
"young","bok","lee","young bok lee","u","wos"
"jean","luc","pitetti","jean luc pitetti","u","wos"
"stacy","","markison","stacy markison","u","wos"
"guadalupe","","de la cruz-galicia","guadalupe de la cruz-galicia","u","wos"
"chi","","liang","chi liang","u","wos"
"tie","hong","chen","tie hong chen","u","wos"
"elie","","mavoungou","elie mavoungou","u","wos"
"michel","","fedoroff","michel fedoroff","u","wos"
"loren","","castaings","loren castaings","u","wos"
"jackie","","tusano","jackie tusano","u","wos"
"jean","luc","descotes","jean luc descotes","u","wos"
"chong","kil","lee","chong kil lee","u","wos"
"christian","","fellenberg","christian fellenberg","u","wos"
"michel","","vidal","michel vidal","u","wos"
"christian","","poulsen","christian poulsen","u","wos"
"jean","jacques","colleau","jean jacques colleau","u","wos"
"leslie","","morgan","leslie morgan","u","wos"
"man","soo","choi","man soo choi","u","wos"
"juergen","","wittmann","juergen wittmann","u","wos"
"mitsuru","","ohta","mitsuru ohta","u","wos"
"young","geun","lee","young geun lee","u","wos"
"robin","","krause","robin krause","u","wos"
"yanni","","lui","yanni lui","u","wos"
"michel","","jacquemier","michel jacquemier","u","wos"
"jean","marc","guillaume","jean marc guillaume","u","wos"
"chang","wook","baek","chang wook baek","u","wos"
"jean","ching","tien","jean ching tien","u","wos"
"jean","yves","winum","jean yves winum","u","wos"
"adrian","","mariano","adrian mariano","u","wos"
"kelly","","hopper","kelly hopper","u","wos"
"jean","michel","petit","jean michel petit","u","wos"
"jan","","piek","jan piek","u","wos"
"eun","soo","an","eun soo an","u","wos"
"christian","","gspan","christian gspan","u","wos"
"mitsuru","","mizuno","mitsuru mizuno","u","wos"
"makoto","","kimura","makoto kimura","u","wos"
"robin","","grote","robin grote","u","wos"
"jan","harry","storksen","jan harry storksen","u","wos"
"rene","","schmidt","rene schmidt","u","wos"
"sang","yoo","park","sang yoo park","u","wos"
"ki","yong","jeon","ki yong jeon","u","wos"
"mitsuru","","naito","mitsuru naito","u","wos"
"kou","","sawashima","kou sawashima","u","wos"
"kei","","takemoto","kei takemoto","u","wos"
"eun","soo","youk","eun soo youk","u","wos"
"chan","","kang","chan kang","u","wos"
"elham","","darwish","elham darwish","u","wos"
"su","hyeong","kim","su hyeong kim","u","wos"
"marion","","verduijn","marion verduijn","u","wos"
"chang","keun","sung","chang keun sung","u","wos"
"jean","michel","mansuy","jean michel mansuy","u","wos"
"jean","marie","peron","jean marie peron","u","wos"
"lindsey","","ulkus","lindsey ulkus","u","wos"
"jean","marie","girard","jean marie girard","u","wos"
"jean","louis","bouquard","jean louis bouquard","u","wos"
"kei","","nakachi","kei nakachi","u","wos"
"leslie","","mcknight","leslie mcknight","u","wos"
"young","woo","kim","young woo kim","u","wos"
"young","gil","jeong","young gil jeong","u","wos"
"akira","","gillingham","akira gillingham","u","wos"
"jean","francois","menetret","jean francois menetret","u","wos"
"adrian","","keller","adrian keller","u","wos"
"christian","","sorg","christian sorg","u","wos"
"qiao","bing","wang","qiao bing wang","u","wos"
"abu","","noman","abu noman","u","wos"
"anu","","liikanen","anu liikanen","u","wos"
"britt","bang","jensen","britt bang jensen","u","wos"
"taylor","","page","taylor page","u","wos"
"jean","jacques","marigo","jean jacques marigo","u","wos"
"ji","won","kim","ji won kim","u","wos"
"angel","","ortiz","angel ortiz","u","wos"
"chung","shou","chen","chung shou chen","u","wos"
"jean","phillipe","avaro","jean phillipe avaro","u","wos"
"kelly","","stewart","kelly stewart","u","wos"
"lee","","swem","lee swem","u","wos"
"christian","","enevold","christian enevold","u","wos"
"michel","","vodovar","michel vodovar","u","wos"
"rene","","van den wijngaard","rene van den wijngaard","u","wos"
"chang","sup","oh","chang sup oh","u","wos"
"young","tai","choi","young tai choi","u","wos"
"sai","ming","cheung","sai ming cheung","u","wos"
"ali","asghar","rastegari","ali asghar rastegari","u","wos"
"jean","rene","lusson","jean rene lusson","u","wos"
"christian","","rey","christian rey","u","wos"
"chang","hsin","chien","chang hsin chien","u","wos"
"christian","","herold","christian herold","u","wos"
"su","jae","kim","su jae kim","u","wos"
"kei","","tanaka","kei tanaka","u","wos"
"rosario","","recacha","rosario recacha","u","wos"
"youn","sun","chung","youn sun chung","u","wos"
"akira","","tsubouchi","akira tsubouchi","u","wos"
"michal","","bogusiewicz","michal bogusiewicz","u","wos"
"kan","shan","shih","kan shan shih","u","wos"
"christian","","byhahn","christian byhahn","u","wos"
"makoto","","takafuji","makoto takafuji","u","wos"
"robin","","kalnin","robin kalnin","u","wos"
"jean","francois","dufour","jean francois dufour","u","wos"
"shun","ichi","kuwana","shun ichi kuwana","u","wos"
"christian","","huehne","christian huehne","u","wos"
"dominique","","vidaud","dominique vidaud","u","wos"
"kelly","","conner","kelly conner","u","wos"
"christian","","nevill","christian nevill","u","wos"
"tracey","","toms","tracey toms","u","wos"
"shannon","","murphy","shannon murphy","u","wos"
"michel","","van houtem","michel van houtem","u","wos"
"akira","","matsuki","akira matsuki","u","wos"
"da","hong","wang","da hong wang","u","wos"
"jean","louis","prioul","jean louis prioul","u","wos"
"taylor","price","frazier","taylor price frazier","u","wos"
"jan","","mitchell","jan mitchell","u","wos"
"lynn","","roux","lynn roux","u","wos"
"jean","pierre","finet","jean pierre finet","u","wos"
"michel","","viollier","michel viollier","u","wos"
"michel","","hamon","michel hamon","u","wos"
"kei","ichi","maeda","kei ichi maeda","u","wos"
"jaime","","sanz","jaime sanz","u","wos"
"carey","","suehs","carey suehs","u","wos"
"makoto","","oba","makoto oba","u","wos"
"dana","","arizmendi-rodriguez","dana arizmendi-rodriguez","u","wos"
"jaime","","zapata","jaime zapata","u","wos"
"young","kuk","cho","young kuk cho","u","wos"
"mitsuru","","kawashima","mitsuru kawashima","u","wos"
"go","","kawamura","go kawamura","u","wos"
"ilham","zainal","abidin","ilham zainal abidin","u","wos"
"soo","yeon","seo","soo yeon seo","u","wos"
"chang","soo","eun","chang soo eun","u","wos"
"jean","pascal","lefaucheur","jean pascal lefaucheur","u","wos"
"jamie","","horder","jamie horder","u","wos"
"morgan","","james","morgan james","u","wos"
"noel","","burtt","noel burtt","u","wos"
"kei","","kamide","kei kamide","u","wos"
"zi","niu","yu","zi niu yu","u","wos"
"michel","","cosson","michel cosson","u","wos"
"salem","","hameed","salem hameed","u","wos"
"kelly","cristiane","ito","kelly cristiane ito","u","wos"
"young","chan","choe","young chan choe","u","wos"
"jan","jaap","van lier","jan jaap van lier","u","wos"
"anu","","herva","anu herva","u","wos"
"jean","christophe","mulatier","jean christophe mulatier","u","wos"
"ariel","","shemesh","ariel shemesh","u","wos"
"akira","","takahara","akira takahara","u","wos"
"jerzy","","bohdanowicz","jerzy bohdanowicz","u","wos"
"surya","","moganty","surya moganty","u","wos"
"jerzy","","laska","jerzy laska","u","wos"
"jerzy","","maryniak","jerzy maryniak","u","wos"
"jerzy","","zawadzki","jerzy zawadzki","u","wos"
"jeong","hyun","lee","jeong hyun lee","u","wos"
"jean","laurent","codaccioni","jean laurent codaccioni","u","wos"
"oi","hong","tung","oi hong tung","u","wos"
"christian","","perings","christian perings","u","wos"
"jean","dominique","luporsi","jean dominique luporsi","u","wos"
"jean","luc","pasquie","jean luc pasquie","u","wos"
"nil","","arisoy","nil arisoy","u","wos"
"jean","nicolas","cornu","jean nicolas cornu","u","wos"
"cosima","","kretz","cosima kretz","u","wos"
"ainslie","","williams","ainslie williams","u","wos"
"akira","","takahashi","akira takahashi","u","wos"
"jie","lun","chiang","jie lun chiang","u","wos"
"katsumi","","abe","katsumi abe","u","wos"
"christian","","philouze","christian philouze","u","wos"
"chi","leung","watt","chi leung watt","u","wos"
"young","","shen","young shen","u","wos"
"chanchal","","gupta","chanchal gupta","u","wos"
"elisha","raju","repalle","elisha raju repalle","u","wos"
"robin","","lemke","robin lemke","u","wos"
"chong","xin","liu","chong xin liu","u","wos"
"jan","eric","grunwald","jan eric grunwald","u","wos"
"terry","","klein","terry klein","u","wos"
"dong","xin","liu","dong xin liu","u","wos"
"jae","soo","koh","jae soo koh","u","wos"
"kelly","","arndt","kelly arndt","u","wos"
"kuo","shun","sun","kuo shun sun","u","wos"
"mitsuru","","sato","mitsuru sato","u","wos"
"cao","ying","yang","cao ying yang","u","wos"
"bi","dong","fang","bi dong fang","u","wos"
"christian","","gilbert","christian gilbert","u","wos"
"michel","","bessodes","michel bessodes","u","wos"
"michel","","kester","michel kester","u","wos"
"akira","","yoneda","akira yoneda","u","wos"
"christian","","pruente","christian pruente","u","wos"
"soeren","","becker","soeren becker","u","wos"
"rosario","","diaz-gonzalez","rosario diaz-gonzalez","u","wos"
"chang","sup","kim","chang sup kim","u","wos"
"kelly","","denkinger","kelly denkinger","u","wos"
"jean","louis","baulieu","jean louis baulieu","u","wos"
"dominique","","huyskens","dominique huyskens","u","wos"
"young","","lee","young lee","u","wos"
"francis","raymond","arkoncel","francis raymond arkoncel","u","wos"
"christian","","woelk","christian woelk","u","wos"
"subrata","","barman","subrata barman","u","wos"
"jin","young","bae","jin young bae","u","wos"
"jae","sin","choi","jae sin choi","u","wos"
"christian","","schnell","christian schnell","u","wos"
"shahin","","zangooie","shahin zangooie","u","wos"
"jamie","","wolf","jamie wolf","u","wos"
"chang","hyeon","joh","chang hyeon joh","u","wos"
"adrian","","tibbs","adrian tibbs","u","wos"
"min","","chung","min chung","u","wos"
"chong","woo","chu","chong woo chu","u","wos"
"lee","","smythe","lee smythe","u","wos"
"lindsey","","gardner","lindsey gardner","u","wos"
"aubrey","","dyer","aubrey dyer","u","wos"
"jin","young","kim","jin young kim","u","wos"
"christian","","brand","christian brand","u","wos"
"michal","","kost'al","michal kost'al","u","wos"
"chang","keun","jo","chang keun jo","u","wos"
"adrian","","baker","adrian baker","u","wos"
"chris","","mulder","chris mulder","u","wos"
"akira","","sugita","akira sugita","u","wos"
"anu","","vaalama","anu vaalama","u","wos"
"gael","","chetelat","gael chetelat","u","wos"
"chang","woon","choi","chang woon choi","u","wos"
"chris","","meijer","chris meijer","u","wos"
"kyung","hwa","han","kyung hwa han","u","wos"
"juergen","","huepkes","juergen huepkes","u","wos"
"juergen","","wollweber","juergen wollweber","u","wos"
"jean","paul","callot","jean paul callot","u","wos"
"chang","su","kim","chang su kim","u","wos"
"jean","jacques","meister","jean jacques meister","u","wos"
"ali","","selim","ali selim","u","wos"
"chang","woo","lee","chang woo lee","u","wos"
"jehee","","lee","jehee lee","u","wos"
"eri","","ejima","eri ejima","u","wos"
"marion","","eisenhut","marion eisenhut","u","wos"
"jean","marie","bonnetblanc","jean marie bonnetblanc","u","wos"
"hong","yeol","kim","hong yeol kim","u","wos"
"lee","wen","huang","lee wen huang","u","wos"
"jaime","","moya","jaime moya","u","wos"
"young","dok","kim","young dok kim","u","wos"
"qi","cai","chen","qi cai chen","u","wos"
"lian","bing","lin","lian bing lin","u","wos"
"makoto","","hanaguri","makoto hanaguri","u","wos"
"christian","","nagel","christian nagel","u","wos"
"noel","","staeren","noel staeren","u","wos"
"michal","","blaha","michal blaha","u","wos"
"kei","ichi","tainaka","kei ichi tainaka","u","wos"
"guo","wen","liu","guo wen liu","u","wos"
"akira","","ishigami","akira ishigami","u","wos"
"dominique","","jacquies","dominique jacquies","u","wos"
"mitsuru","","munakata","mitsuru munakata","u","wos"
"akira","","youkou","akira youkou","u","wos"
"chong","jun","li","chong jun li","u","wos"
"jean","jules","tewa","jean jules tewa","u","wos"
"jean","yves","rauch","jean yves rauch","u","wos"
"michal","","dohnal","michal dohnal","u","wos"
"tracey","","fairweather","tracey fairweather","u","wos"
"kim","","lockhart","kim lockhart","u","wos"
"chung","hyun","cho","chung hyun cho","u","wos"
"jae","","min","jae min","u","wos"
"christian","","wuertele","christian wuertele","u","wos"
"sungmin","","jung","sungmin jung","u","wos"
"elham","","moosavi","elham moosavi","u","wos"
"pier","andrea","de iaco","pier andrea de iaco","u","wos"
"jean","yves","scoazec","jean yves scoazec","u","wos"
"ad","","schreurs","ad schreurs","u","wos"
